,C,H,H_plus,N,O,P,S,Na,Cl,K,e_minus,ACN,Ac_minus,Mg,Si,D,C_thirteen,Species_class,Adduct_hierarchy_lookup_class,DB_gen_compound_type
PC_DAG,8,18,0,1,8,1,0,0,0,0,0,0,0,0,0,0,0,IP_DAG,PC,DB_acyl_iteration
PC_MAG,8,19,0,1,7,1,0,0,0,0,0,0,0,0,0,0,0,IP_MAG,PC,DB_acyl_iteration
PC_DEG,8,22,0,1,6,1,0,0,0,0,0,0,0,0,0,0,0,IP_DEG,PC,DB_acyl_iteration
PC_MEG,8,21,0,1,6,1,0,0,0,0,0,0,0,0,0,0,0,IP_MEG,PC,DB_acyl_iteration
PC_AEG,8,20,0,1,7,1,0,0,0,0,0,0,0,0,0,0,0,IP_AEG,PC,DB_acyl_iteration
PC_Cer,9,23,0,2,6,1,0,0,0,0,0,0,0,0,0,0,0,IP_Cer,PC_Cer,DB_acyl_iteration
DGCC_DAG,10,19,0,1,8,0,0,0,0,0,0,0,0,0,0,0,0,IP_DAG,DGCC,DB_acyl_iteration
DGCC_MAG,10,20,0,1,7,0,0,0,0,0,0,0,0,0,0,0,0,IP_MAG,DGCC,DB_acyl_iteration
DGCC_DEG,10,23,0,1,6,0,0,0,0,0,0,0,0,0,0,0,0,IP_DEG,DGCC,DB_acyl_iteration
DGCC_MEG,10,22,0,1,6,0,0,0,0,0,0,0,0,0,0,0,0,IP_MEG,DGCC,DB_acyl_iteration
DGCC_AEG,10,21,0,1,7,0,0,0,0,0,0,0,0,0,0,0,0,IP_AEG,DGCC,DB_acyl_iteration
4G_DAG,27,46,0,0,25,0,0,0,0,0,0,0,0,0,0,0,0,IP_DAG,QG,DB_acyl_iteration
4G_MAG,27,47,0,0,24,0,0,0,0,0,0,0,0,0,0,0,0,IP_MAG,QG,DB_acyl_iteration
4G_DEG,27,50,0,0,23,0,0,0,0,0,0,0,0,0,0,0,0,IP_DEG,QG,DB_acyl_iteration
4G_MEG,27,49,0,0,23,0,0,0,0,0,0,0,0,0,0,0,0,IP_MEG,QG,DB_acyl_iteration
4G_AEG,27,48,0,0,24,0,0,0,0,0,0,0,0,0,0,0,0,IP_AEG,QG,DB_acyl_iteration
3G_DAG,21,36,0,0,20,0,0,0,0,0,0,0,0,0,0,0,0,IP_DAG,TG,DB_acyl_iteration
3G_MAG,21,37,0,0,19,0,0,0,0,0,0,0,0,0,0,0,0,IP_MAG,TG,DB_acyl_iteration
3G_DEG,21,40,0,0,18,0,0,0,0,0,0,0,0,0,0,0,0,IP_DEG,TG,DB_acyl_iteration
3G_MEG,21,39,0,0,18,0,0,0,0,0,0,0,0,0,0,0,0,IP_MEG,TG,DB_acyl_iteration
3G_AEG,21,38,0,0,19,0,0,0,0,0,0,0,0,0,0,0,0,IP_AEG,TG,DB_acyl_iteration
2G_DAG,15,26,0,0,15,0,0,0,0,0,0,0,0,0,0,0,0,IP_DAG,DG,DB_acyl_iteration
2G_MAG,15,27,0,0,14,0,0,0,0,0,0,0,0,0,0,0,0,IP_MAG,DG,DB_acyl_iteration
2G_DEG,15,30,0,0,13,0,0,0,0,0,0,0,0,0,0,0,0,IP_DEG,DG,DB_acyl_iteration
2G_MEG,15,29,0,0,13,0,0,0,0,0,0,0,0,0,0,0,0,IP_MEG,DG,DB_acyl_iteration
2G_AEG,15,28,0,0,14,0,0,0,0,0,0,0,0,0,0,0,0,IP_AEG,DG,DB_acyl_iteration
2G_Cer,16,31,0,1,13,0,0,0,0,0,0,0,0,0,0,0,0,IP_Cer,DG_Cer,DB_acyl_iteration
1G_DAG,9,16,0,0,10,0,0,0,0,0,0,0,0,0,0,0,0,IP_DAG,MG,DB_acyl_iteration
1G_MAG,9,17,0,0,9,0,0,0,0,0,0,0,0,0,0,0,0,IP_MAG,MG,DB_acyl_iteration
1G_DEG,9,20,0,0,8,0,0,0,0,0,0,0,0,0,0,0,0,IP_DEG,MG,DB_acyl_iteration
1G_MEG,9,19,0,0,8,0,0,0,0,0,0,0,0,0,0,0,0,IP_MEG,MG,DB_acyl_iteration
1G_AEG,9,18,0,0,9,0,0,0,0,0,0,0,0,0,0,0,0,IP_AEG,MG,DB_acyl_iteration
1G_Cer,10,21,0,1,8,0,0,0,0,0,0,0,0,0,0,0,0,IP_Cer,MG_Cer,DB_acyl_iteration
4G_P_DAG,27,47,0,0,28,1,0,0,0,0,0,0,0,0,0,0,0,IP_DAG,QG_P,DB_acyl_iteration
4G_P_MAG,27,48,0,0,27,1,0,0,0,0,0,0,0,0,0,0,0,IP_MAG,QG_P,DB_acyl_iteration
4G_P_DEG,27,51,0,0,26,1,0,0,0,0,0,0,0,0,0,0,0,IP_DEG,QG_P,DB_acyl_iteration
4G_P_MEG,27,50,0,0,26,1,0,0,0,0,0,0,0,0,0,0,0,IP_MEG,QG_P,DB_acyl_iteration
4G_P_AEG,27,48,0,0,27,1,0,0,0,0,0,0,0,0,0,0,0,IP_AEG,QG_P,DB_acyl_iteration
3G_P_DAG,21,37,0,0,23,1,0,0,0,0,0,0,0,0,0,0,0,IP_DAG,TG_P,DB_acyl_iteration
3G_P_MAG,21,38,0,0,22,1,0,0,0,0,0,0,0,0,0,0,0,IP_MAG,TG_P,DB_acyl_iteration
3G_P_DEG,21,41,0,0,21,1,0,0,0,0,0,0,0,0,0,0,0,IP_DEG,TG_P,DB_acyl_iteration
3G_P_MEG,21,40,0,0,21,1,0,0,0,0,0,0,0,0,0,0,0,IP_MEG,TG_P,DB_acyl_iteration
3G_P_AEG,21,39,0,0,22,1,0,0,0,0,0,0,0,0,0,0,0,IP_AEG,TG_P,DB_acyl_iteration
2G_P_DAG,15,27,0,0,18,1,0,0,0,0,0,0,0,0,0,0,0,IP_DAG,DG_P,DB_acyl_iteration
2G_P_MAG,15,28,0,0,17,1,0,0,0,0,0,0,0,0,0,0,0,IP_MAG,DG_P,DB_acyl_iteration
2G_P_DEG,15,31,0,0,16,1,0,0,0,0,0,0,0,0,0,0,0,IP_DEG,DG_P,DB_acyl_iteration
2G_P_MEG,15,30,0,0,16,1,0,0,0,0,0,0,0,0,0,0,0,IP_MEG,DG_P,DB_acyl_iteration
2G_P_AEG,15,29,0,0,17,1,0,0,0,0,0,0,0,0,0,0,0,IP_AEG,DG_P,DB_acyl_iteration
1G_P_DAG,9,17,0,0,13,1,0,0,0,0,0,0,0,0,0,0,0,IP_DAG,MG_P,DB_acyl_iteration
1G_P_MAG,9,18,0,0,12,1,0,0,0,0,0,0,0,0,0,0,0,IP_MAG,MG_P,DB_acyl_iteration
1G_P_DEG,9,21,0,0,11,1,0,0,0,0,0,0,0,0,0,0,0,IP_DEG,MG_P,DB_acyl_iteration
1G_P_MEG,9,20,0,0,11,1,0,0,0,0,0,0,0,0,0,0,0,IP_MEG,MG_P,DB_acyl_iteration
1G_P_AEG,9,19,0,0,12,1,0,0,0,0,0,0,0,0,0,0,0,IP_AEG,MG_P,DB_acyl_iteration
DGTS_DGTA_DAG,10,19,0,1,7,0,0,0,0,0,0,0,0,0,0,0,0,IP_DAG,DGTSA,DB_acyl_iteration
DGTS_DGTA_MAG,10,20,0,1,6,0,0,0,0,0,0,0,0,0,0,0,0,IP_MAG,DGTSA,DB_acyl_iteration
DGTS_DGTA_DEG,10,23,0,1,5,0,0,0,0,0,0,0,0,0,0,0,0,IP_DEG,DGTSA,DB_acyl_iteration
DGTS_DGTA_MEG,10,22,0,1,5,0,0,0,0,0,0,0,0,0,0,0,0,IP_MEG,DGTSA,DB_acyl_iteration
DGTS_DGTA_AEG,10,21,0,1,6,0,0,0,0,0,0,0,0,0,0,0,0,IP_AEG,DGTSA,DB_acyl_iteration
PE_DAG,5,12,0,1,8,1,0,0,0,0,0,0,0,0,0,0,0,IP_DAG,PE,DB_acyl_iteration
PE_MAG,5,13,0,1,7,1,0,0,0,0,0,0,0,0,0,0,0,IP_MAG,PE,DB_acyl_iteration
PE_DEG,5,16,0,1,6,1,0,0,0,0,0,0,0,0,0,0,0,IP_DEG,PE,DB_acyl_iteration
PE_MEG,5,15,0,1,6,1,0,0,0,0,0,0,0,0,0,0,0,IP_MEG,PE,DB_acyl_iteration
PE_AEG,5,14,0,1,7,1,0,0,0,0,0,0,0,0,0,0,0,IP_AEG,PE,DB_acyl_iteration
PE_Cer,6,17,0,2,6,1,0,0,0,0,0,0,0,0,0,0,0,IP_Cer,PE_Cer,DB_acyl_iteration
PG_DAG,6,13,0,0,10,1,0,0,0,0,0,0,0,0,0,0,0,IP_DAG,PG_DAG,DB_acyl_iteration
PG_MAG,6,14,0,0,9,1,0,0,0,0,0,0,0,0,0,0,0,IP_MAG,PG,DB_acyl_iteration
PG_DEG,6,17,0,0,8,1,0,0,0,0,0,0,0,0,0,0,0,IP_DEG,PG,DB_acyl_iteration
PG_MEG,6,16,0,0,8,1,0,0,0,0,0,0,0,0,0,0,0,IP_MEG,PG,DB_acyl_iteration
PG_AEG,6,15,0,0,9,1,0,0,0,0,0,0,0,0,0,0,0,IP_AEG,PG,DB_acyl_iteration
PG_Cer,7,18,0,1,8,1,0,0,0,0,0,0,0,0,0,0,0,IP_Cer,PG_Cer,DB_acyl_iteration
LPG_DAG,12,25,0,2,11,1,0,0,0,0,0,0,0,0,0,0,0,IP_DAG,LPG,DB_acyl_iteration
LPG_MAG,12,26,0,2,10,1,0,0,0,0,0,0,0,0,0,0,0,IP_MAG,LPG,DB_acyl_iteration
LPG_DEG,12,30,0,2,9,1,0,0,0,0,0,0,0,0,0,0,0,IP_DEG,LPG,DB_acyl_iteration
LPG_MEG,12,29,0,2,9,1,0,0,0,0,0,0,0,0,0,0,0,IP_MEG,LPG,DB_acyl_iteration
LPG_AEG,12,28,0,2,11,1,0,0,0,0,0,0,0,0,0,0,0,IP_AEG,LPG,DB_acyl_iteration
AlPG_DAG,9,18,0,1,11,1,0,0,0,0,0,0,0,0,0,0,0,IP_DAG,AlPG,DB_acyl_iteration
AlPG_MAG,9,19,0,1,10,1,0,0,0,0,0,0,0,0,0,0,0,IP_MAG,AlPG,DB_acyl_iteration
AlPG_DEG,9,22,0,1,9,1,0,0,0,0,0,0,0,0,0,0,0,IP_DEG,AlPG,DB_acyl_iteration
AlPG_MEG,9,21,0,1,9,1,0,0,0,0,0,0,0,0,0,0,0,IP_MEG,AlPG,DB_acyl_iteration
AlPG_AEG,9,20,0,1,11,1,0,0,0,0,0,0,0,0,0,0,0,IP_AEG,AlPG,DB_acyl_iteration
ArPG_DAG,12,25,0,4,11,1,0,0,0,0,0,0,0,0,0,0,0,IP_DAG,ArPG,DB_acyl_iteration
ArPG_MAG,12,26,0,4,10,1,0,0,0,0,0,0,0,0,0,0,0,IP_MAG,ArPG,DB_acyl_iteration
ArPG_DEG,12,30,0,4,9,1,0,0,0,0,0,0,0,0,0,0,0,IP_DEG,ArPG,DB_acyl_iteration
ArPG_MEG,12,29,0,4,9,1,0,0,0,0,0,0,0,0,0,0,0,IP_MEG,ArPG,DB_acyl_iteration
ArPG_AEG,12,28,0,4,11,1,0,0,0,0,0,0,0,0,0,0,0,IP_AEG,ArPG,DB_acyl_iteration
OPG_DAG,11,23,0,2,11,1,0,0,0,0,0,0,0,0,0,0,0,IP_DAG,OPG,DB_acyl_iteration
OPG_MAG,11,24,0,2,10,1,0,0,0,0,0,0,0,0,0,0,0,IP_MAG,OPG,DB_acyl_iteration
OPG_DEG,11,27,0,2,9,1,0,0,0,0,0,0,0,0,0,0,0,IP_DEG,OPG,DB_acyl_iteration
OPG_MEG,11,26,0,2,9,1,0,0,0,0,0,0,0,0,0,0,0,IP_MEG,OPG,DB_acyl_iteration
OPG_AEG,11,25,0,2,11,1,0,0,0,0,0,0,0,0,0,0,0,IP_AEG,OPG,DB_acyl_iteration
PA_DAG,3,7,0,0,8,1,0,0,0,0,0,0,0,0,0,0,0,IP_DAG,PA,DB_acyl_iteration
PA_MAG,3,8,0,0,7,1,0,0,0,0,0,0,0,0,0,0,0,IP_MAG,PA,DB_acyl_iteration
PA_DEG,3,11,0,0,6,1,0,0,0,0,0,0,0,0,0,0,0,IP_DEG,PA,DB_acyl_iteration
PA_MEG,3,10,0,0,6,1,0,0,0,0,0,0,0,0,0,0,0,IP_MEG,PA,DB_acyl_iteration
PA_AEG,3,9,0,0,7,1,0,0,0,0,0,0,0,0,0,0,0,IP_AEG,PA,DB_acyl_iteration
PME_DAG,6,14,0,1,8,1,0,0,0,0,0,0,0,0,0,0,0,IP_DAG,PME,DB_acyl_iteration
PME_MAG,6,15,0,1,7,1,0,0,0,0,0,0,0,0,0,0,0,IP_MAG,PME,DB_acyl_iteration
PME_DEG,6,18,0,1,6,1,0,0,0,0,0,0,0,0,0,0,0,IP_DEG,PME,DB_acyl_iteration
PME_MEG,6,17,0,1,6,1,0,0,0,0,0,0,0,0,0,0,0,IP_MEG,PME,DB_acyl_iteration
PME_AEG,6,16,0,1,7,1,0,0,0,0,0,0,0,0,0,0,0,IP_AEG,PME,DB_acyl_iteration
SQ_DAG,9,16,0,0,12,0,1,0,0,0,0,0,0,0,0,0,0,IP_DAG,SQ,DB_acyl_iteration
SQ_MAG,9,17,0,0,11,0,1,0,0,0,0,0,0,0,0,0,0,IP_MAG,SQ,DB_acyl_iteration
SQ_DEG,9,20,0,0,10,0,1,0,0,0,0,0,0,0,0,0,0,IP_DEG,SQ,DB_acyl_iteration
SQ_MEG,9,19,0,0,10,0,1,0,0,0,0,0,0,0,0,0,0,IP_MEG,SQ,DB_acyl_iteration
SQ_AEG,9,18,0,0,11,0,1,0,0,0,0,0,0,0,0,0,0,IP_AEG,SQ,DB_acyl_iteration
PDME_DAG,7,16,0,1,8,1,0,0,0,0,0,0,0,0,0,0,0,IP_DAG,PDME,DB_acyl_iteration
PDME_MAG,7,17,0,1,7,1,0,0,0,0,0,0,0,0,0,0,0,IP_MAG,PDME,DB_acyl_iteration
PDME_DEG,7,20,0,1,6,1,0,0,0,0,0,0,0,0,0,0,0,IP_DEG,PDME,DB_acyl_iteration
PDME_MEG,7,19,0,1,6,1,0,0,0,0,0,0,0,0,0,0,0,IP_MEG,PDME,DB_acyl_iteration
PDME_AEG,7,18,0,1,7,1,0,0,0,0,0,0,0,0,0,0,0,IP_AEG,PDME,DB_acyl_iteration
PI_DAG,9,17,0,0,13,1,0,0,0,0,0,0,0,0,0,0,0,IP_DAG,PI,DB_acyl_iteration
PI_MAG,9,18,0,0,12,1,0,0,0,0,0,0,0,0,0,0,0,IP_MAG,PI,DB_acyl_iteration
PI_DEG,9,21,0,0,11,1,0,0,0,0,0,0,0,0,0,0,0,IP_DEG,PI,DB_acyl_iteration
PI_MEG,9,20,0,0,11,1,0,0,0,0,0,0,0,0,0,0,0,IP_MEG,PI,DB_acyl_iteration
PI_AEG,9,19,0,0,12,1,0,0,0,0,0,0,0,0,0,0,0,IP_AEG,PI,DB_acyl_iteration
PI_Cer,10,22,0,1,11,1,0,0,0,0,0,0,0,0,0,0,0,IP_Cer,PICer,DB_acyl_iteration
GA_DAG,9,14,0,0,11,0,0,0,0,0,0,0,0,0,0,0,0,IP_DAG,GA,DB_acyl_iteration
GA_MAG,9,15,0,0,10,0,0,0,0,0,0,0,0,0,0,0,0,IP_MAG,GA,DB_acyl_iteration
GA_DEG,9,18,0,0,9,0,0,0,0,0,0,0,0,0,0,0,0,IP_DEG,GA,DB_acyl_iteration
GA_MEG,9,17,0,0,9,0,0,0,0,0,0,0,0,0,0,0,0,IP_MEG,GA,DB_acyl_iteration
GA_AEG,9,16,0,0,10,0,0,0,0,0,0,0,0,0,0,0,0,IP_AEG,GA,DB_acyl_iteration
GA_Cer,10,17,0,1,9,0,0,0,0,0,0,0,0,0,0,0,0,IP_MEG,GA_Cer,DB_acyl_iteration
dG_DAG,9,16,0,0,9,0,0,0,0,0,0,0,0,0,0,0,0,IP_DAG,dG,DB_acyl_iteration
dG_MAG,9,17,0,0,8,0,0,0,0,0,0,0,0,0,0,0,0,IP_MAG,dG,DB_acyl_iteration
dG_DEG,9,20,0,0,7,0,0,0,0,0,0,0,0,0,0,0,0,IP_DEG,dG,DB_acyl_iteration
dG_MEG,9,19,0,0,7,0,0,0,0,0,0,0,0,0,0,0,0,IP_MEG,dG,DB_acyl_iteration
dG_AEG,9,18,0,0,8,0,0,0,0,0,0,0,0,0,0,0,0,IP_AEG,dG,DB_acyl_iteration
dG_G_DAG,15,26,0,0,14,0,0,0,0,0,0,0,0,0,0,0,0,IP_DAG,dG_MG,DB_acyl_iteration
dG_G_MAG,15,27,0,0,13,0,0,0,0,0,0,0,0,0,0,0,0,IP_MAG,dG_MG,DB_acyl_iteration
dG_G_DEG,15,30,0,0,12,0,0,0,0,0,0,0,0,0,0,0,0,IP_DEG,dG_MG,DB_acyl_iteration
dG_G_MEG,15,29,0,0,12,0,0,0,0,0,0,0,0,0,0,0,0,IP_MEG,dG_MG,DB_acyl_iteration
dG_G_AEG,15,28,0,0,13,0,0,0,0,0,0,0,0,0,0,0,0,IP_AEG,dG_MG,DB_acyl_iteration
d2G_DAG,15,26,0,0,13,0,0,0,0,0,0,0,0,0,0,0,0,IP_DAG,dDG,DB_acyl_iteration
d2G_MAG,15,27,0,0,12,0,0,0,0,0,0,0,0,0,0,0,0,IP_MAG,dDG,DB_acyl_iteration
d2G_DEG,15,30,0,0,11,0,0,0,0,0,0,0,0,0,0,0,0,IP_DEG,dDG,DB_acyl_iteration
d2G_MEG,15,29,0,0,11,0,0,0,0,0,0,0,0,0,0,0,0,IP_MEG,dDG,DB_acyl_iteration
d2G_AEG,15,28,0,0,12,0,0,0,0,0,0,0,0,0,0,0,0,IP_AEG,dDG,DB_acyl_iteration
d3G_DAG,21,36,0,0,17,0,0,0,0,0,0,0,0,0,0,0,0,IP_DAG,dTG,DB_acyl_iteration
d3G_MAG,21,37,0,0,16,0,0,0,0,0,0,0,0,0,0,0,0,IP_MAG,dTG,DB_acyl_iteration
d3G_DEG,21,40,0,0,15,0,0,0,0,0,0,0,0,0,0,0,0,IP_DEG,dTG,DB_acyl_iteration
d3G_MEG,21,39,0,0,15,0,0,0,0,0,0,0,0,0,0,0,0,IP_MEG,dTG,DB_acyl_iteration
d3G_AEG,21,38,0,0,16,0,0,0,0,0,0,0,0,0,0,0,0,IP_AEG,dTG,DB_acyl_iteration
APT_DAG,8,18,0,1,11,1,0,0,0,0,0,0,0,0,0,0,0,IP_DAG,APT,DB_acyl_iteration
APT_MAG,8,19,0,1,10,1,0,0,0,0,0,0,0,0,0,0,0,IP_MAG,APT,DB_acyl_iteration
APT_DEG,8,22,0,1,9,1,0,0,0,0,0,0,0,0,0,0,0,IP_DEG,APT,DB_acyl_iteration
APT_MEG,8,21,0,1,9,1,0,0,0,0,0,0,0,0,0,0,0,IP_MEG,APT,DB_acyl_iteration
APT_AEG,8,20,0,1,10,1,0,0,0,0,0,0,0,0,0,0,0,IP_AEG,APT,DB_acyl_iteration
DPG_QAG,9,18,0,0,17,2,0,0,0,0,0,0,0,0,0,0,0,IP_QAG,DPG,DB_acyl_iteration
DPG_TAG,9,19,0,0,16,2,0,0,0,0,0,0,0,0,0,0,0,IP_TAG,DPG,DB_acyl_iteration
DPG_QEG,9,26,0,0,13,2,0,0,0,0,0,0,0,0,0,0,0,IP_QEG,DPG,DB_acyl_iteration
DPG_TEG,9,25,0,0,13,2,0,0,0,0,0,0,0,0,0,0,0,IP_TEG,DPG,DB_acyl_iteration
G_DPG_QAG,15,28,0,0,22,2,0,0,0,0,0,0,0,0,0,0,0,IP_QAG,MG_DPG,DB_acyl_iteration
G_DPG_TAG,15,29,0,0,21,2,0,0,0,0,0,0,0,0,0,0,0,IP_TAG,MG_DPG,DB_acyl_iteration
G_DPG_QEG,15,36,0,0,18,2,0,0,0,0,0,0,0,0,0,0,0,IP_QEG,MG_DPG,DB_acyl_iteration
G_DPG_TEG,15,35,0,0,18,2,0,0,0,0,0,0,0,0,0,0,0,IP_TEG,MG_DPG,DB_acyl_iteration
PS_DAG,6,12,0,1,10,1,0,0,0,0,0,0,0,0,0,0,0,IP_DAG,PS,DB_acyl_iteration
PS_MAG,6,13,0,1,9,1,0,0,0,0,0,0,0,0,0,0,0,IP_MAG,PS,DB_acyl_iteration
PS_DEG,6,16,0,1,8,1,0,0,0,0,0,0,0,0,0,0,0,IP_DEG,PS,DB_acyl_iteration
PS_MEG,6,15,0,1,8,1,0,0,0,0,0,0,0,0,0,0,0,IP_MEG,PS,DB_acyl_iteration
PS_AEG,6,14,0,1,9,1,0,0,0,0,0,0,0,0,0,0,0,IP_AEG,PS,DB_acyl_iteration
NAcG_P_DAG,15,28,0,2,15,1,0,0,0,0,0,0,0,0,0,0,0,IP_TC,NAcG_P,DB_acyl_iteration
NAcG_P_DEG_alkanediol,15,32,0,2,13,1,0,0,0,0,0,0,0,0,0,0,0,IP_TC,NAcG_P,DB_acyl_iteration
NAcG_G_DAG,15,26,0,1,15,0,0,0,0,0,0,0,0,0,0,0,0,IP_TC,NAcG_G,DB_acyl_iteration
NAcG_G_DEG_alkanediol,15,30,0,1,13,0,0,0,0,0,0,0,0,0,0,0,0,IP_TC,NAcG_G,DB_acyl_iteration
G_NAcG_G_DAG,21,36,0,1,20,0,0,0,0,0,0,0,0,0,0,0,0,IP_TC,MG_NAcG_G,DB_acyl_iteration
G_NAcG_G_DEG_alkanediol,21,40,0,1,18,0,0,0,0,0,0,0,0,0,0,0,0,IP_TC,MG_NAcG_G,DB_acyl_iteration
2G_NAcG_G_DAG,27,46,0,1,25,0,0,0,0,0,0,0,0,0,0,0,0,IP_TC,DG_NAcG_G,DB_acyl_iteration
2G_NAcG_G_DEG_alkanediol,27,50,0,1,23,0,0,0,0,0,0,0,0,0,0,0,0,IP_TC,DG_NAcG_G,DB_acyl_iteration
3G_NAcG_G_DAG,33,56,0,1,30,0,0,0,0,0,0,0,0,0,0,0,0,IP_TC,TG_NAcG_G,DB_acyl_iteration
3G_NAcG_G_DEG_alkanediol,33,60,0,1,28,0,0,0,0,0,0,0,0,0,0,0,0,IP_TC,TG_NAcG_G,DB_acyl_iteration
G_NG_DAG,15,27,0,1,14,0,0,0,0,0,0,0,0,0,0,0,0,IP_DAG,MG_NG,DB_acyl_iteration
G_NG_MAG,15,28,0,1,13,0,0,0,0,0,0,0,0,0,0,0,0,IP_MAG,MG_NG,DB_acyl_iteration
G_NG_DEG,15,31,0,1,12,0,0,0,0,0,0,0,0,0,0,0,0,IP_DEG,MG_NG,DB_acyl_iteration
G_NG_MEG,15,30,0,1,12,0,0,0,0,0,0,0,0,0,0,0,0,IP_MEG,MG_NG,DB_acyl_iteration
G_NG_AEG,15,29,0,1,13,0,0,0,0,0,0,0,0,0,0,0,0,IP_AEG,MG_NG,DB_acyl_iteration
MeG_DAG,10,18,0,0,10,0,0,0,0,0,0,0,0,0,0,0,0,IP_DAG,MeG,DB_acyl_iteration
MeG_MAG,10,19,0,0,9,0,0,0,0,0,0,0,0,0,0,0,0,IP_MAG,MeG,DB_acyl_iteration
MeG_DEG,10,22,0,0,8,0,0,0,0,0,0,0,0,0,0,0,0,IP_DEG,MeG,DB_acyl_iteration
MeG_MEG,10,21,0,0,8,0,0,0,0,0,0,0,0,0,0,0,0,IP_MEG,MeG,DB_acyl_iteration
MeG_AEG,10,20,0,0,9,0,0,0,0,0,0,0,0,0,0,0,0,IP_AEG,MeG,DB_acyl_iteration
MeG_G_DAG,16,28,0,0,15,0,0,0,0,0,0,0,0,0,0,0,0,IP_DAG,MeG_MG,DB_acyl_iteration
MeG_G_MAG,16,29,0,0,14,0,0,0,0,0,0,0,0,0,0,0,0,IP_MAG,MeG_MG,DB_acyl_iteration
MeG_G_DEG,16,32,0,0,13,0,0,0,0,0,0,0,0,0,0,0,0,IP_DEG,MeG_MG,DB_acyl_iteration
MeG_G_MEG,16,31,0,0,13,0,0,0,0,0,0,0,0,0,0,0,0,IP_MEG,MeG_MG,DB_acyl_iteration
MeG_G_AEG,16,30,0,0,14,0,0,0,0,0,0,0,0,0,0,0,0,IP_AEG,MeG_MG,DB_acyl_iteration
MeG_2G_DAG,22,38,0,0,20,0,0,0,0,0,0,0,0,0,0,0,0,IP_DAG,MeG_DG,DB_acyl_iteration
MeG_2G_MAG,22,39,0,0,19,0,0,0,0,0,0,0,0,0,0,0,0,IP_MAG,MeG_DG,DB_acyl_iteration
MeG_2G_DEG,22,42,0,0,18,0,0,0,0,0,0,0,0,0,0,0,0,IP_DEG,MeG_DG,DB_acyl_iteration
MeG_2G_MEG,22,41,0,0,18,0,0,0,0,0,0,0,0,0,0,0,0,IP_MEG,MeG_DG,DB_acyl_iteration
MeG_2G_AEG,22,40,0,0,19,0,0,0,0,0,0,0,0,0,0,0,0,IP_AEG,MeG_DG,DB_acyl_iteration
G_GA_DAG,15,24,0,0,16,0,0,0,0,0,0,0,0,0,0,0,0,IP_DAG,MG_GA,DB_acyl_iteration
G_GA_MAG,15,25,0,0,15,0,0,0,0,0,0,0,0,0,0,0,0,IP_MAG,MG_GA,DB_acyl_iteration
G_GA_DEG,15,28,0,0,14,0,0,0,0,0,0,0,0,0,0,0,0,IP_DEG,MG_GA,DB_acyl_iteration
G_GA_MEG,15,27,0,0,14,0,0,0,0,0,0,0,0,0,0,0,0,IP_MEG,MG_GA,DB_acyl_iteration
G_GA_AEG,15,26,0,0,15,0,0,0,0,0,0,0,0,0,0,0,0,IP_AEG,MG_GA,DB_acyl_iteration
NG_GA_DAG,15,25,0,1,15,0,0,0,0,0,0,0,0,0,0,0,0,IP_DAG,NG_GA,DB_acyl_iteration
NG_GA_MAG,15,26,0,1,14,0,0,0,0,0,0,0,0,0,0,0,0,IP_MAG,NG_GA,DB_acyl_iteration
NG_GA_DEG,15,29,0,1,13,0,0,0,0,0,0,0,0,0,0,0,0,IP_DEG,NG_GA,DB_acyl_iteration
NG_GA_MEG,15,28,0,1,13,0,0,0,0,0,0,0,0,0,0,0,0,IP_MEG,NG_GA,DB_acyl_iteration
NG_GA_AEG,15,27,0,1,14,0,0,0,0,0,0,0,0,0,0,0,0,IP_AEG,NG_GA,DB_acyl_iteration
G_MeNG_G_P_DAG,22,40,0,1,22,1,0,0,0,0,0,0,0,0,0,0,0,IP_DAG,MG_MeNG_MG_P,DB_acyl_iteration
G_MeNG_G_P_MAG,22,41,0,1,21,1,0,0,0,0,0,0,0,0,0,0,0,IP_MAG,MG_MeNG_MG_P,DB_acyl_iteration
G_MeNG_G_P_DEG,22,44,0,1,20,1,0,0,0,0,0,0,0,0,0,0,0,IP_DEG,MG_MeNG_MG_P,DB_acyl_iteration
G_MeNG_G_P_MEG,22,43,0,1,20,1,0,0,0,0,0,0,0,0,0,0,0,IP_MEG,MG_MeNG_MG_P,DB_acyl_iteration
G_MeNG_G_P_AEG,22,42,0,1,21,1,0,0,0,0,0,0,0,0,0,0,0,IP_AEG,MG_MeNG_MG_P,DB_acyl_iteration
MeNG_G_P_DAG,16,30,0,1,17,1,0,0,0,0,0,0,0,0,0,0,0,IP_DAG,MeNG_MG_P,DB_acyl_iteration
MeNG_G_P_MAG,16,31,0,1,16,1,0,0,0,0,0,0,0,0,0,0,0,IP_MAG,MeNG_MG_P,DB_acyl_iteration
MeNG_G_P_DEG,16,34,0,1,15,1,0,0,0,0,0,0,0,0,0,0,0,IP_DEG,MeNG_MG_P,DB_acyl_iteration
MeNG_G_P_MEG,16,33,0,1,15,1,0,0,0,0,0,0,0,0,0,0,0,IP_MEG,MeNG_MG_P,DB_acyl_iteration
MeNG_G_P_AEG,16,32,0,1,16,1,0,0,0,0,0,0,0,0,0,0,0,IP_AEG,MeNG_MG_P,DB_acyl_iteration
NG_G_P_DAG,15,28,0,1,17,1,0,0,0,0,0,0,0,0,0,0,0,IP_DAG,NG_MG_P,DB_acyl_iteration
NG_G_P_MAG,15,29,0,1,16,1,0,0,0,0,0,0,0,0,0,0,0,IP_MAG,NG_MG_P,DB_acyl_iteration
NG_G_P_DEG,15,32,0,1,15,1,0,0,0,0,0,0,0,0,0,0,0,IP_DEG,NG_MG_P,DB_acyl_iteration
NG_G_P_MEG,15,31,0,1,15,1,0,0,0,0,0,0,0,0,0,0,0,IP_MEG,NG_MG_P,DB_acyl_iteration
NG_G_P_AEG,15,30,0,1,16,1,0,0,0,0,0,0,0,0,0,0,0,IP_AEG,NG_MG_P,DB_acyl_iteration
G_NG_G_P_DAG,21,38,0,1,22,1,0,0,0,0,0,0,0,0,0,0,0,IP_DAG,MG_NG_MG_P,DB_acyl_iteration
G_NG_G_P_MAG,21,39,0,1,21,1,0,0,0,0,0,0,0,0,0,0,0,IP_MAG,MG_NG_MG_P,DB_acyl_iteration
G_NG_G_P_DEG,21,42,0,1,20,1,0,0,0,0,0,0,0,0,0,0,0,IP_DEG,MG_NG_MG_P,DB_acyl_iteration
G_NG_G_P_MEG,21,41,0,1,20,1,0,0,0,0,0,0,0,0,0,0,0,IP_MEG,MG_NG_MG_P,DB_acyl_iteration
G_NG_G_P_AEG,21,40,0,1,21,1,0,0,0,0,0,0,0,0,0,0,0,IP_AEG,MG_NG_MG_P,DB_acyl_iteration
NG_DAG,9,17,0,1,9,0,0,0,0,0,0,0,0,0,0,0,0,IP_DAG,NG,DB_acyl_iteration
NG_MAG,9,18,0,1,8,0,0,0,0,0,0,0,0,0,0,0,0,IP_MAG,NG,DB_acyl_iteration
NG_DEG,9,21,0,1,7,0,0,0,0,0,0,0,0,0,0,0,0,IP_DEG,NG,DB_acyl_iteration
NG_MEG,9,20,0,1,7,0,0,0,0,0,0,0,0,0,0,0,0,IP_MEG,NG,DB_acyl_iteration
NG_AEG,9,19,0,1,8,0,0,0,0,0,0,0,0,0,0,0,0,IP_AEG,NG,DB_acyl_iteration
ALI_DAG,11,21,0,1,8,0,0,0,0,0,0,0,0,0,0,0,0,IP_DAG,ALI,DB_acyl_iteration
ALI_MAG,11,22,0,1,7,0,0,0,0,0,0,0,0,0,0,0,0,IP_MAG,ALI,DB_acyl_iteration
ALI_DEG,11,25,0,1,6,0,0,0,0,0,0,0,0,0,0,0,0,IP_DEG,ALI,DB_acyl_iteration
ALI_MEG,11,24,0,1,6,0,0,0,0,0,0,0,0,0,0,0,0,IP_MEG,ALI,DB_acyl_iteration
ALI_AEG,11,23,0,1,7,0,0,0,0,0,0,0,0,0,0,0,0,IP_AEG,ALI,DB_acyl_iteration
NAPE_TAG,5,11,0,1,9,1,0,0,0,0,0,0,0,0,0,0,0,IP_TC,NAPE,DB_acyl_iteration
PAGPE_TAG,8,18,0,1,14,2,0,0,0,0,0,0,0,0,0,0,0,IP_TC,PAGPE,DB_acyl_iteration
OL,9,18,0,2,5,0,0,0,0,0,0,0,0,0,0,0,0,IP_FA,OL,DB_acyl_iteration
Me_OL,10,20,0,2,5,0,0,0,0,0,0,0,0,0,0,0,0,IP_FA,OL,DB_acyl_iteration
2Me_OL,11,22,0,2,5,0,0,0,0,0,0,0,0,0,0,0,0,IP_FA,OL,DB_acyl_iteration
3Me_OL,12,24,0,2,5,0,0,0,0,0,0,0,0,0,0,0,0,IP_FA,OL,DB_acyl_iteration
OH-OL,9,18,0,2,6,0,0,0,0,0,0,0,0,0,0,0,0,IP_FA,OL,DB_acyl_iteration
LL,10,20,0,2,5,0,0,0,0,0,0,0,0,0,0,0,0,IP_FA,LL,DB_acyl_iteration
Me_LL,11,22,0,2,5,0,0,0,0,0,0,0,0,0,0,0,0,IP_FA,LL,DB_acyl_iteration
2Me_LL,12,24,0,2,5,0,0,0,0,0,0,0,0,0,0,0,0,IP_FA,LL,DB_acyl_iteration
3Me_LL,13,26,0,2,5,0,0,0,0,0,0,0,0,0,0,0,0,IP_FA,LL,DB_acyl_iteration
OH-LL,10,20,0,2,6,0,0,0,0,0,0,0,0,0,0,0,0,IP_FA,LL,DB_acyl_iteration
GL,6,18,0,2,6,0,0,0,0,0,0,0,0,0,0,0,0,IP_FA,GL,DB_acyl_iteration
CL,11,23,0,3,7,0,1,0,0,0,0,0,0,0,0,0,0,IP_FA,CL,DB_acyl_iteration
FL,9,16,0,2,6,0,0,0,0,0,0,0,0,0,0,0,0,IP_FA,FL,DB_acyl_iteration
CYL,6,11,0,1,5,0,0,0,0,0,0,0,0,0,0,0,0,IP_FA,CYL,DB_acyl_iteration
NAcPE_DAG,7,14,0,1,9,1,0,0,0,0,0,0,0,0,0,0,0,IP_DAG,NAcPE,DB_acyl_iteration
NAcPE_MAG,7,15,0,1,8,1,0,0,0,0,0,0,0,0,0,0,0,IP_MAG,NAcPE,DB_acyl_iteration
NAcPE_DEG,7,18,0,1,7,1,0,0,0,0,0,0,0,0,0,0,0,IP_DEG,NAcPE,DB_acyl_iteration
NAcPE_MEG,7,17,0,1,7,1,0,0,0,0,0,0,0,0,0,0,0,IP_MEG,NAcPE,DB_acyl_iteration
NAcPE_AEG,7,16,0,1,8,1,0,0,0,0,0,0,0,0,0,0,0,IP_AEG,NAcPE,DB_acyl_iteration
APG_TAG,6,12,0,0,11,1,0,0,0,0,0,0,0,0,0,0,0,IP_TC,APG,DB_acyl_iteration
ACN,2,3,0,1,0,0,0,0,0,0,0,0,0,0,0,0,0,basic_component,,basic_component
Ac-,2,3,0,0,2,0,0,0,0,0,0,0,0,0,0,0,0,basic_component,,basic_component
[M+H]+,0,1,0,0,0,0,0,0,0,0,-1,0,0,0,0,0,0,adduct_pos,,adduct_pos
[M+K]+,0,0,0,0,0,0,0,0,0,1,-1,0,0,0,0,0,0,adduct_pos,,adduct_pos
[M+Na]+,0,0,0,0,0,0,0,1,0,0,-1,0,0,0,0,0,0,adduct_pos,,adduct_pos
[M+NH4+ACN]+,0,4,0,1,0,0,0,0,0,0,-1,1,0,0,0,0,0,adduct_pos,,adduct_pos
[M+NH4]+,0,4,0,1,0,0,0,0,0,0,-1,0,0,0,0,0,0,adduct_pos,,adduct_pos
[M+2Na-H]+,0,-1,0,0,0,0,0,2,0,0,-1,0,0,0,0,0,0,adduct_pos,,adduct_pos
C16PAF,26,54,0,1,7,1,0,0,0,0,0,0,0,0,0,0,0,internal_standard,PC,DB_unique_species
d7_PG,39,68,0,0,10,1,0,0,0,0,0,0,0,0,0,7,0,internal_standard,PG,DB_unique_species
d7_PC,41,73,0,1,8,1,0,0,0,0,0,0,0,0,0,7,0,internal_standard,PC,DB_unique_species
d7_PE,38,67,0,1,8,1,0,0,0,0,0,0,0,0,0,7,0,internal_standard,PE,DB_unique_species
d9_DGTS,42,72,0,1,7,0,0,0,0,0,0,0,0,0,0,9,0,internal_standard,DGTSA,DB_unique_species
