core_abbrv,core_class,core_mz,core_formula,DBE,chainC
1_uns_AR,archaeol,650.657146,C43H86N0O3P0S0,1,40
1_uns_diExt-AR,archaeol,790.813646,C53H106N0O3P0S0,1,50
1_uns_Ext-AR,archaeol,720.784947,C48H96N0O3P0S0,1,45
1_uns_short-AR,archaeol,582.594546,C38H78N0O3P0S0,1,35
2_uns_AR,archaeol,648.641496,C43H84N0O3P0S0,2,40
2_uns_diExt-AR,archaeol,788.797996,C53H104N0O3P0S0,2,50
2_uns_Ext-AR,archaeol,718.770394,C48H94N0O3P0S0,2,45
2_uns_short-AR,archaeol,580.578896,C38H76N0O3P0S0,2,35
3_uns_AR,archaeol,646.625846,C43H82N0O3P0S0,3,40
3_uns_diExt-AR,archaeol,786.782346,C53H102N0O3P0S0,3,50
3_uns_Ext-AR,archaeol,716.755841,C48H92N0O3P0S0,3,45
3_uns_short-AR,archaeol,578.563246,C38H74N0O3P0S0,3,35
4_uns_AR,archaeol,644.610196,C43H80N0O3P0S0,4,40
4_uns_diExt-AR,archaeol,784.766696,C53H100N0O3P0S0,4,50
4_uns_Ext-AR,archaeol,714.741288,C48H90N0O3P0S0,4,45
4_uns_short-AR,archaeol,576.547596,C38H72N0O3P0S0,4,35
5_uns_AR,archaeol,642.594546,C43H78N0O3P0S0,5,40
5_uns_diExt-AR,archaeol,782.751046,C53H98N0O3P0S0,5,50
5_uns_Ext-AR,archaeol,712.726735,C48H88N0O3P0S0,5,45
5_uns_short-AR,archaeol,574.531946,C38H70N0O3P0S0,5,35
6_uns_AR,archaeol,640.578896,C43H76N0O3P0S0,6,40
6_uns_diExt-AR,archaeol,780.735396,C53H96N0O3P0S0,6,50
6_uns_Ext-AR,archaeol,710.712182,C48H86N0O3P0S0,6,45
6_uns_short-AR,archaeol,572.516296,C38H68N0O3P0S0,6,35
7_uns_AR,archaeol,638.563246,C43H74N0O3P0S0,7,40
7_uns_diExt-AR,archaeol,778.719746,C53H94N0O3P0S0,7,50
7_uns_Ext-AR,archaeol,708.697629,C48H84N0O3P0S0,7,45
8_uns_AR,archaeol,636.547596,C43H72N0O3P0S0,8,40
8_uns_diExt-AR,archaeol,776.704096,C53H92N0O3P0S0,8,50
8_uns_Ext-AR,archaeol,706.683076,C48H82N0O3P0S0,8,45
AR,archaeol,652.67335,C43H88N0O3P0S0,0,40
diOH_1_uns_AR,archaeol,682.646976,C43H86N0O5P0S0,1,40
diOH_1_uns_diExt-AR,archaeol,822.803476,C53H106N0O5P0S0,1,50
diOH_1_uns_Ext-AR,archaeol,752.774776,C48H96N0O5P0S0,1,45
diOH_1_uns_short-AR,archaeol,614.584376,C38H78N0O5P0S0,1,35
diOH_2_uns_AR,archaeol,680.631326,C43H84N0O5P0S0,2,40
diOH_2_uns_diExt-AR,archaeol,820.787826,C53H104N0O5P0S0,2,50
diOH_2_uns_Ext-AR,archaeol,750.760226,C48H94N0O5P0S0,2,45
diOH_2_uns_short-AR,archaeol,612.568726,C38H76N0O5P0S0,2,35
diOH_3_uns_AR,archaeol,678.615676,C43H82N0O5P0S0,3,40
diOH_3_uns_diExt-AR,archaeol,818.772176,C53H102N0O5P0S0,3,50
diOH_3_uns_Ext-AR,archaeol,748.745666,C48H92N0O5P0S0,3,45
diOH_3_uns_short-AR,archaeol,610.553076,C38H74N0O5P0S0,3,35
diOH_4_uns_AR,archaeol,676.600026,C43H80N0O5P0S0,4,40
diOH_4_uns_diExt-AR,archaeol,816.756526,C53H100N0O5P0S0,4,50
diOH_4_uns_Ext-AR,archaeol,746.731116,C48H90N0O5P0S0,4,45
diOH_4_uns_short-AR,archaeol,608.537426,C38H72N0O5P0S0,4,35
diOH_5_uns_AR,archaeol,674.584376,C43H78N0O5P0S0,5,40
diOH_5_uns_diExt-AR,archaeol,814.740876,C53H98N0O5P0S0,5,50
diOH_5_uns_Ext-AR,archaeol,744.716566,C48H88N0O5P0S0,5,45
diOH_5_uns_short-AR,archaeol,606.521776,C38H70N0O5P0S0,5,35
diOH_6_uns_AR,archaeol,672.568726,C43H76N0O5P0S0,6,40
diOH_6_uns_diExt-AR,archaeol,812.725226,C53H96N0O5P0S0,6,50
diOH_6_uns_Ext-AR,archaeol,742.702016,C48H86N0O5P0S0,6,45
diOH_6_uns_short-AR,archaeol,604.506126,C38H68N0O5P0S0,6,35
diOH_7_uns_AR,archaeol,670.553076,C43H74N0O5P0S0,7,40
diOH_7_uns_diExt-AR,archaeol,810.709576,C53H94N0O5P0S0,7,50
diOH_7_uns_Ext-AR,archaeol,740.687456,C48H84N0O5P0S0,7,45
diOH_8_uns_AR,archaeol,668.537426,C43H72N0O5P0S0,8,40
diOH_8_uns_diExt-AR,archaeol,808.693926,C53H92N0O5P0S0,8,50
diOH_8_uns_Ext-AR,archaeol,738.672906,C48H82N0O5P0S0,8,45
diOH_diExt-AR,archaeol,824.915826,C53H108N0O5P0S0,0,50
diOH_Ext-AR,archaeol,754.789326,C48H98N0O5P0S0,0,45
diOH-AR,archaeol,684.671,C43H88N0O5P0S0,0,40
diOH_short-AR,archaeol,616.600026,C38H80N0O5P0S0,0,35
Ext-AR,archaeol,722.7995,C48H98N0O3P0S0,0,45
OH_1_uns_AR,archaeol,666.652066,C43H86N0O4P0S0,1,40
OH_1_uns_diExt-AR,archaeol,806.808566,C53H106N0O4P0S0,1,50
OH_1_uns_Ext-AR,archaeol,736.779866,C48H96N0O4P0S0,1,45
OH_1_uns_short-AR,archaeol,598.589466,C38H78N0O4P0S0,1,35
OH_2_uns_AR,archaeol,664.636416,C43H84N0O4P0S0,2,40
OH_2_uns_diExt-AR,archaeol,804.792916,C53H104N0O4P0S0,2,50
OH_2_uns_Ext-AR,archaeol,734.765306,C48H94N0O4P0S0,2,45
OH_2_uns_short-AR,archaeol,596.573816,C38H76N0O4P0S0,2,35
OH_3_uns_AR,archaeol,662.620766,C43H82N0O4P0S0,3,40
OH_3_uns_diExt-AR,archaeol,802.777266,C53H102N0O4P0S0,3,50
OH_3_uns_Ext-AR,archaeol,732.750756,C48H92N0O4P0S0,3,45
OH_3_uns_short-AR,archaeol,594.558166,C38H74N0O4P0S0,3,35
OH_4_uns_AR,archaeol,660.605116,C43H80N0O4P0S0,4,40
OH_4_uns_diExt-AR,archaeol,800.761616,C53H100N0O4P0S0,4,50
OH_4_uns_Ext-AR,archaeol,730.736206,C48H90N0O4P0S0,4,45
OH_4_uns_short-AR,archaeol,592.542516,C38H72N0O4P0S0,4,35
OH_5_uns_AR,archaeol,658.589466,C43H78N0O4P0S0,5,40
OH_5_uns_diExt-AR,archaeol,798.745966,C53H98N0O4P0S0,5,50
OH_5_uns_Ext-AR,archaeol,728.721646,C48H88N0O4P0S0,5,45
OH_5_uns_short-AR,archaeol,590.526866,C38H70N0O4P0S0,5,35
OH_6_uns_AR,archaeol,656.573816,C43H76N0O4P0S0,6,40
OH_6_uns_diExt-AR,archaeol,796.730316,C53H96N0O4P0S0,6,50
OH_6_uns_Ext-AR,archaeol,726.707096,C48H86N0O4P0S0,6,45
OH_6_uns_short-AR,archaeol,588.511216,C38H68N0O4P0S0,6,35
OH_7_uns_AR,archaeol,654.558166,C43H74N0O4P0S0,7,40
OH_7_uns_diExt-AR,archaeol,794.714666,C53H94N0O4P0S0,7,50
OH_7_uns_Ext-AR,archaeol,724.692546,C48H84N0O4P0S0,7,45
OH_8_uns_AR,archaeol,652.542516,C43H72N0O4P0S0,8,40
OH_8_uns_diExt-AR,archaeol,792.699016,C53H92N0O4P0S0,8,50
OH_8_uns_Ext-AR,archaeol,722.677986,C48H82N0O4P0S0,8,45
OH_AR,archaeol,668.672,C43H88N0O4P0S0,0,40
OH_diExt-AR,archaeol,808.920916,C53H108N0O4P0S0,0,50
OH_Ext-AR,archaeol,738.794416,C48H98N0O4P0S0,0,45
OH_short-AR,archaeol,600.605116,C38H80N0O4P0S0,0,35
Me_1_uns_AR,archaeol,680.667716,C44H88N0O4P0S0,1,41
Me_1_uns_diExt-AR,archaeol,820.824216,C54H108N0O4P0S0,1,51
Me_1_uns_Ext-AR,archaeol,750.795516,C49H98N0O4P0S0,1,46
Me_1_uns_short-AR,archaeol,612.605116,C39H80N0O4P0S0,1,36
Me_2_uns_AR,archaeol,678.652066,C44H86N0O4P0S0,2,41
Me_2_uns_diExt-AR,archaeol,818.808566,C54H106N0O4P0S0,2,51
Me_2_uns_Ext-AR,archaeol,748.780956,C49H96N0O4P0S0,2,46
Me_2_uns_short-AR,archaeol,610.589466,C39H78N0O4P0S0,2,36
Me_3_uns_AR,archaeol,676.636416,C44H84N0O4P0S0,3,41
Me_3_uns_diExt-AR,archaeol,816.792916,C54H104N0O4P0S0,3,51
Me_3_uns_Ext-AR,archaeol,746.766406,C49H94N0O4P0S0,3,46
Me_3_uns_short-AR,archaeol,608.573816,C39H76N0O4P0S0,3,36
Me_4_uns_AR,archaeol,674.620766,C44H82N0O4P0S0,4,41
Me_4_uns_diExt-AR,archaeol,814.777266,C54H102N0O4P0S0,4,51
Me_4_uns_Ext-AR,archaeol,744.751856,C49H92N0O4P0S0,4,46
Me_4_uns_short-AR,archaeol,606.558166,C39H74N0O4P0S0,4,36
Me_5_uns_AR,archaeol,672.605116,C44H80N0O4P0S0,5,41
Me_5_uns_diExt-AR,archaeol,812.761616,C54H100N0O4P0S0,5,51
Me_5_uns_Ext-AR,archaeol,742.737296,C49H90N0O4P0S0,5,46
Me_5_uns_short-AR,archaeol,604.542516,C39H72N0O4P0S0,5,36
Me_6_uns_AR,archaeol,670.589466,C44H78N0O4P0S0,6,41
Me_6_uns_diExt-AR,archaeol,810.745966,C54H98N0O4P0S0,6,51
Me_6_uns_Ext-AR,archaeol,740.722746,C49H88N0O4P0S0,6,46
Me_6_uns_short-AR,archaeol,602.526866,C39H70N0O4P0S0,6,36
Me_7_uns_AR,archaeol,668.573816,C44H76N0O4P0S0,7,41
Me_7_uns_diExt-AR,archaeol,808.730316,C54H96N0O4P0S0,7,51
Me_7_uns_Ext-AR,archaeol,738.708196,C49H86N0O4P0S0,7,46
Me_8_uns_AR,archaeol,666.558166,C44H74N0O4P0S0,8,41
Me_8_uns_diExt-AR,archaeol,806.714666,C54H94N0O4P0S0,8,51
Me_8_uns_Ext-AR,archaeol,736.693636,C49H84N0O4P0S0,8,46
Me_AR,archaeol,682.68765,C44H90N0O4P0S0,0,41
Me_diExt-AR,archaeol,822.936566,C54H110N0O4P0S0,0,51
Me_Ext-AR,archaeol,752.810066,C49H100N0O4P0S0,0,46
Me_short-AR,archaeol,614.620766,C39H82N0O4P0S0,0,36
short-AR,archaeol,584.610196,C38H80N0O3P0S0,0,36
brGDD_0Me_SB,brGDD,908.9135749,C59H120N0O5P0S0,0,56
brGDD_10Me_OB-IB,brGDD,1049.07008,C69H140N0O5P0S0,0,66
brGDD_11Me_OB-IB,brGDD,1063.085729,C70H142N0O5P0S0,0,67
brGDD_12Me_OB-IB,brGDD,1077.101379,C71H144N0O5P0S0,0,68
brGDD_13Me_IB,brGDD,1091.117029,C72H146N0O5P0S0,0,69
brGDD_14Me_IB,brGDD,1105.132679,C73H148N0O5P0S0,0,70
brGDD_1Me_SB,brGDD,922.92923,C60H122N0O5P0S0,0,57
brGDD_2Me_SB,brGDD,936.94488,C61H124N0O5P0S0,0,58
brGDD_3Me_SB,brGDD,950.96053,C62H126N0O5P0S0,0,59
brGDD_7Me_OB,brGDD,1007.02313,C66H134N0O5P0S0,0,63
brGDD_8Me_OB,brGDD,1021.03878,C67H136N0O5P0S0,0,64
brGDD_9Me_OB-IB,brGDD,1035.05443,C68H138N0O5P0S0,0,65
brGDD_Ia,brGDD,964.97618,C63H128N0O5P0S0,0,60
brGDD_Ib,brGDD,962.96053,C63H126N0O5P0S0,1,60
brGDD_Ic,brGDD,960.94488,C63H124N0O5P0S0,2,60
brGDD_IIa,brGDD,978.99183,C64H130N0O5P0S0,0,61
brGDD_IIb,brGDD,976.97618,C64H128N0O5P0S0,1,61
brGDD_IIc,brGDD,974.96053,C64H126N0O5P0S0,2,61
brGDD_IIIa,brGDD,993.00748,C65H132N0O5P0S0,0,62
brGDD_IIIb,brGDD,990.99183,C65H130N0O5P0S0,1,62
brGDD_IIIc,brGDD,988.97618,C65H128N0O5P0S0,2,62
brGDGT_0Me_SB,brGDGT,964.9397897,C62H124N0O6P0S0,0,56
brGDGT_10Me_OB-IB,brGDGT,1105.09629,C72H144N0O6P0S0,0,66
brGDGT_11Me_OB-IB,brGDGT,1119.111941,C73H146N0O6P0S0,0,67
brGDGT_12Me_OB-IB,brGDGT,1133.127591,C74H148N0O6P0S0,0,68
brGDGT_13Me_IB,brGDGT,1147.14324,C75H150N0O6P0S0,0,69
brGDGT_14Me_IB,brGDGT,1161.15889,C76H152N0O6P0S0,0,70
brGDGT_1Me_SB,brGDGT,978.9554398,C63H126N0O6P0S0,0,57
brGDGT_2Me_SB,brGDGT,992.9710898,C64H128N0O6P0S0,0,58
brGDGT_3Me_SB,brGDGT,1006.98674,C65H130N0O6P0S0,0,59
brGDGT_7Me_OB,brGDGT,1063.04934,C69H138N0O6P0S0,0,63
brGDGT_8Me_OB,brGDGT,1077.06499,C70H140N0O6P0S0,0,64
brGDGT_9Me_OB-IB,brGDGT,1091.08064,C71H142N0O6P0S0,0,65
brGDGT_Ia,brGDGT,1021.00239,C66H132N0O6P0S0,0,60
brGDGT_Ib,brGDGT,1018.98673,C66H130N0O6P0S0,1,60
brGDGT_Ic,brGDGT,1016.97107,C66H128N0O6P0S0,2,60
brGDGT_IIa,brGDGT,1035.01804,C67H134N0O6P0S0,0,61
brGDGT_IIb,brGDGT,1033.00238,C67H132N0O6P0S0,1,61
brGDGT_IIc,brGDGT,1030.98672,C67H130N0O6P0S0,2,61
brGDGT_IIIa,brGDGT,1049.03369,C68H136N0O6P0S0,0,62
brGDGT_IIIb,brGDGT,1047.01803,C68H134N0O6P0S0,1,62
brGDGT_IIIc,brGDGT,1045.00237,C68H132N0O6P0S0,2,62
crenarchaeol_diether,isoGDD,1235.210985,C83H158N0O5P0S0,5,80
diMe-GDD-0,isoGDD,1273.315285,C85H172N0O5P0S0,0,82
diMe-GDD-1,isoGDD,1271.300685,C85H170N0O5P0S0,1,82
diMe-GDD-10dbe,isoGDD,1253.160885,C85H152N0O5P0S0,10,82
diMe-GDD-11dbe,isoGDD,1251.146285,C85H150N0O5P0S0,11,82
diMe-GDD-12dbe,isoGDD,1249.131685,C85H148N0O5P0S0,12,82
diMe-GDD-2,isoGDD,1269.286085,C85H168N0O5P0S0,2,82
diMe-GDD-3,isoGDD,1267.271485,C85H166N0O5P0S0,3,82
diMe-GDD-4,isoGDD,1265.256885,C85H164N0O5P0S0,4,82
diMe-GDD-5dbe,isoGDD,1263.242285,C85H162N0O5P0S0,5,82
diMe-GDD-6dbe,isoGDD,1261.221385,C85H160N0O5P0S0,6,82
diMe-GDD-7dbe,isoGDD,1259.205735,C85H158N0O5P0S0,7,82
diMe-GDD-8dbe,isoGDD,1257.190085,C85H156N0O5P0S0,8,82
diMe-GDD-9dbe,isoGDD,1255.175485,C85H154N0O5P0S0,9,82
diOH-diMe-GDD-0,isoGDD,1305.310309,C85H172N0O7P0S0,0,82
diOH-diMe-GDD-1,isoGDD,1303.294659,C85H170N0O7P0S0,1,82
diOH-diMe-GDD-10dbe,isoGDD,1285.153808,C85H152N0O7P0S0,10,82
diOH-diMe-GDD-11dbe,isoGDD,1283.138158,C85H150N0O7P0S0,11,82
diOH-diMe-GDD-12dbe,isoGDD,1281.122508,C85H148N0O7P0S0,12,82
diOH-diMe-GDD-2,isoGDD,1301.279009,C85H168N0O7P0S0,2,82
diOH-diMe-GDD-3,isoGDD,1299.263359,C85H166N0O7P0S0,3,82
diOH-diMe-GDD-4,isoGDD,1297.247709,C85H164N0O7P0S0,4,82
diOH-diMe-GDD-5dbe,isoGDD,1295.232059,C85H162N0O7P0S0,5,82
diOH-diMe-GDD-6dbe,isoGDD,1293.216409,C85H160N0O7P0S0,6,82
diOH-diMe-GDD-7dbe,isoGDD,1291.200759,C85H158N0O7P0S0,7,82
diOH-diMe-GDD-8dbe,isoGDD,1289.185109,C85H156N0O7P0S0,8,82
diOH-diMe-GDD-9dbe,isoGDD,1287.169459,C85H154N0O7P0S0,9,82
diOH-GDD-0,isoGDD,1277.279009,C83H168N0O7P0S0,0,80
diOH-GDD-1,isoGDD,1275.263359,C83H166N0O7P0S0,1,80
diOH-GDD-10dbe,isoGDD,1257.122508,C83H148N0O7P0S0,10,80
diOH-GDD-11dbe,isoGDD,1255.106858,C83H146N0O7P0S0,11,80
diOH-GDD-12dbe,isoGDD,1253.09121,C83H144N0O7P0S0,12,80
diOH-GDD-2,isoGDD,1273.247709,C83H164N0O7P0S0,2,80
diOH-GDD-3,isoGDD,1271.232059,C83H162N0O7P0S0,3,80
diOH-GDD-4,isoGDD,1269.216409,C83H160N0O7P0S0,4,80
diOH-GDD-5dbe,isoGDD,1267.200759,C83H158N0O7P0S0,5,80
diOH-GDD-6dbe,isoGDD,1265.185109,C83H156N0O7P0S0,6,80
diOH-GDD-7dbe,isoGDD,1263.169459,C83H154N0O7P0S0,7,80
diOH-GDD-8dbe,isoGDD,1261.153808,C83H152N0O7P0S0,8,80
diOH-GDD-9dbe,isoGDD,1259.138158,C83H150N0O7P0S0,9,80
diOH-Me-GDD-0,isoGDD,1291.294659,C84H170N0O7P0S0,0,81
diOH-Me-GDD-1,isoGDD,1289.279009,C84H168N0O7P0S0,1,81
diOH-Me-GDD-10dbe,isoGDD,1271.138158,C84H150N0O7P0S0,10,81
diOH-Me-GDD-11dbe,isoGDD,1269.122508,C84H148N0O7P0S0,11,81
diOH-Me-GDD-12dbe,isoGDD,1267.106858,C84H146N0O7P0S0,12,81
diOH-Me-GDD-2,isoGDD,1287.263359,C84H166N0O7P0S0,2,81
diOH-Me-GDD-3,isoGDD,1285.247709,C84H164N0O7P0S0,3,81
diOH-Me-GDD-4,isoGDD,1283.232059,C84H162N0O7P0S0,4,81
diOH-Me-GDD-5dbe,isoGDD,1281.216409,C84H160N0O7P0S0,5,81
diOH-Me-GDD-6dbe,isoGDD,1279.200759,C84H158N0O7P0S0,6,81
diOH-Me-GDD-7dbe,isoGDD,1277.185109,C84H156N0O7P0S0,7,81
diOH-Me-GDD-8dbe,isoGDD,1275.169459,C84H154N0O7P0S0,8,81
diOH-Me-GDD-9dbe,isoGDD,1273.153808,C84H152N0O7P0S0,9,81
GDD-0,isoGDD,1245.283985,C83H168N0O5P0S0,0,80
GDD-1,isoGDD,1243.269385,C83H166N0O5P0S0,1,80
GDD-10dbe,isoGDD,1225.129585,C83H148N0O5P0S0,10,80
GDD-11dbe,isoGDD,1223.114985,C83H146N0O5P0S0,11,80
GDD-12dbe,isoGDD,1221.100385,C83H144N0O5P0S0,12,80
GDD-2,isoGDD,1241.254785,C83H164N0O5P0S0,2,80
GDD-3,isoGDD,1239.24223,C83H162N0O5P0S0,3,80
GDD-4,isoGDD,1237.225585,C83H160N0O5P0S0,4,80
GDD-6dbe,isoGDD,1233.190085,C83H156N0O5P0S0,6,80
GDD-7dbe,isoGDD,1231.174435,C83H154N0O5P0S0,7,80
GDD-8dbe,isoGDD,1229.158785,C83H152N0O5P0S0,8,80
GDD-9dbe,isoGDD,1227.144185,C83H150N0O5P0S0,9,80
Me-GDD-0,isoGDD,1259.299635,C84H170N0O5P0S0,0,81
Me-GDD-1,isoGDD,1257.285035,C84H168N0O5P0S0,1,81
Me-GDD-10dbe,isoGDD,1239.146285,C84H150N0O5P0S0,10,81
Me-GDD-11dbe,isoGDD,1237.130635,C84H148N0O5P0S0,11,81
Me-GDD-12dbe,isoGDD,1235.116035,C84H146N0O5P0S0,12,81
Me-GDD-2,isoGDD,1255.270435,C84H166N0O5P0S0,2,81
Me-GDD-3,isoGDD,1253.255835,C84H164N0O5P0S0,3,81
Me-GDD-4,isoGDD,1251.241235,C84H162N0O5P0S0,4,81
Me-GDD-5dbe,isoGDD,1249.226635,C84H160N0O5P0S0,5,81
Me-GDD-6dbe,isoGDD,1247.205735,C84H158N0O5P0S0,6,81
Me-GDD-7dbe,isoGDD,1245.190085,C84H156N0O5P0S0,7,81
Me-GDD-8dbe,isoGDD,1243.174435,C84H154N0O5P0S0,8,81
Me-GDD-9dbe,isoGDD,1241.160885,C84H152N0O5P0S0,9,81
OH-diMe-GDD-0,isoGDD,1289.315395,C85H172N0O6P0S0,0,82
OH-diMe-GDD-1,isoGDD,1287.299515,C85H170N0O6P0S0,1,82
OH-diMe-GDD-10dbe,isoGDD,1269.156935,C85H152N0O6P0S0,10,82
OH-diMe-GDD-11dbe,isoGDD,1267.141285,C85H150N0O6P0S0,11,82
OH-diMe-GDD-12dbe,isoGDD,1265.126685,C85H148N0O6P0S0,12,82
OH-diMe-GDD-2,isoGDD,1285.283635,C85H168N0O6P0S0,2,82
OH-diMe-GDD-3,isoGDD,1283.266485,C85H166N0O6P0S0,3,82
OH-diMe-GDD-4,isoGDD,1281.251885,C85H164N0O6P0S0,4,82
OH-diMe-GDD-5dbe,isoGDD,1279.235185,C85H162N0O6P0S0,5,82
OH-diMe-GDD-6dbe,isoGDD,1277.219535,C85H160N0O6P0S0,6,82
OH-diMe-GDD-7dbe,isoGDD,1275.203885,C85H158N0O6P0S0,7,82
OH-diMe-GDD-8dbe,isoGDD,1273.188235,C85H156N0O6P0S0,8,82
OH-diMe-GDD-9dbe,isoGDD,1271.172585,C85H154N0O6P0S0,9,82
OH-GDD-0,isoGDD,1261.284095,C83H168N0O6P0S0,0,80
OH-GDD-1,isoGDD,1259.268215,C83H166N0O6P0S0,1,80
OH-GDD-10dbe,isoGDD,1241.12759,C83H148N0O6P0S0,10,80
OH-GDD-11dbe,isoGDD,1239.109985,C83H146N0O6P0S0,11,80
OH-GDD-12dbe,isoGDD,1237.095385,C83H144N0O6P0S0,12,80
OH-GDD-2,isoGDD,1257.252335,C83H164N0O6P0S0,2,80
OH-GDD-3,isoGDD,1255.235185,C83H162N0O6P0S0,3,80
OH-GDD-4,isoGDD,1253.220585,C83H160N0O6P0S0,4,80
OH-GDD-5dbe,isoGDD,1251.205985,C83H158N0O6P0S0,5,80
OH-GDD-6dbe,isoGDD,1249.188235,C83H156N0O6P0S0,6,80
OH-GDD-7dbe,isoGDD,1247.172585,C83H154N0O6P0S0,7,80
OH-GDD-8dbe,isoGDD,1245.156935,C83H152N0O6P0S0,8,80
OH-GDD-9dbe,isoGDD,1243.141285,C83H150N0O6P0S0,9,80
OH-Me-GDD-0,isoGDD,1275.299745,C84H170N0O6P0S0,0,81
OH-Me-GDD-1,isoGDD,1273.28409,C84H168N0O6P0S0,1,81
OH-Me-GDD-10dbe,isoGDD,1255.141285,C84H150N0O6P0S0,10,81
OH-Me-GDD-11dbe,isoGDD,1253.12759,C84H148N0O6P0S0,11,81
OH-Me-GDD-12dbe,isoGDD,1251.111035,C84H146N0O6P0S0,12,81
OH-Me-GDD-2,isoGDD,1271.267985,C84H166N0O6P0S0,2,81
OH-Me-GDD-3,isoGDD,1269.250835,C84H164N0O6P0S0,3,81
OH-Me-GDD-4,isoGDD,1267.236235,C84H162N0O6P0S0,4,81
OH-Me-GDD-5dbe,isoGDD,1265.221495,C84H160N0O6P0S0,5,81
OH-Me-GDD-6dbe,isoGDD,1263.203885,C84H158N0O6P0S0,6,81
OH-Me-GDD-7dbe,isoGDD,1261.188235,C84H156N0O6P0S0,7,81
OH-Me-GDD-8dbe,isoGDD,1259.172585,C84H154N0O6P0S0,8,81
OH-Me-GDD-9dbe,isoGDD,1257.156935,C84H152N0O6P0S0,9,81
crenarchaeol,isoGDGT,1291.2372,C86H162N0O6P0S0,5,80
diMe-GDGT-0,isoGDGT,1329.3415,C88H176N0O6P0S0,0,82
diMe-GDGT-1,isoGDGT,1327.3269,C88H174N0O6P0S0,1,82
diMe-GDGT-10dbe,isoGDGT,1309.1871,C88H156N0O6P0S0,10,82
diMe-GDGT-11dbe,isoGDGT,1307.1725,C88H154N0O6P0S0,11,82
diMe-GDGT-12dbe,isoGDGT,1305.1579,C88H152N0O6P0S0,12,82
diMe-GDGT-2,isoGDGT,1325.3123,C88H172N0O6P0S0,2,82
diMe-GDGT-3,isoGDGT,1323.2977,C88H170N0O6P0S0,3,82
diMe-GDGT-4,isoGDGT,1321.2831,C88H168N0O6P0S0,4,82
diMe-GDGT-5dbe,isoGDGT,1319.26325,C88H166N0O6P0S0,5,82
diMe-GDGT-6dbe,isoGDGT,1317.2476,C88H164N0O6P0S0,6,82
diMe-GDGT-7dbe,isoGDGT,1315.23195,C88H162N0O6P0S0,7,82
diMe-GDGT-8dbe,isoGDGT,1313.2163,C88H160N0O6P0S0,8,82
diMe-GDGT-9dbe,isoGDGT,1311.2017,C88H158N0O6P0S0,9,82
diOH-diMe-GDGT-0,isoGDGT,1361.336524,C88H176N0O8P0S0,0,82
diOH-diMe-GDGT-1,isoGDGT,1359.320874,C88H174N0O8P0S0,1,82
diOH-diMe-GDGT-10dbe,isoGDGT,1341.180023,C88H156N0O8P0S0,10,82
diOH-diMe-GDGT-11dbe,isoGDGT,1339.164373,C88H154N0O8P0S0,11,82
diOH-diMe-GDGT-12dbe,isoGDGT,1337.14872,C88H152N0O8P0S0,12,82
diOH-diMe-GDGT-2,isoGDGT,1357.305224,C88H172N0O8P0S0,2,82
diOH-diMe-GDGT-3,isoGDGT,1355.289574,C88H170N0O8P0S0,3,82
diOH-diMe-GDGT-4,isoGDGT,1353.273924,C88H168N0O8P0S0,4,82
diOH-diMe-GDGT-5dbe,isoGDGT,1351.258274,C88H166N0O8P0S0,5,82
diOH-diMe-GDGT-6dbe,isoGDGT,1349.242624,C88H164N0O8P0S0,6,82
diOH-diMe-GDGT-7dbe,isoGDGT,1347.226973,C88H162N0O8P0S0,7,82
diOH-diMe-GDGT-8dbe,isoGDGT,1345.211323,C88H160N0O8P0S0,8,82
diOH-diMe-GDGT-9dbe,isoGDGT,1343.195673,C88H158N0O8P0S0,9,82
diOH-GDGT-0,isoGDGT,1333.30522,C86H172N0O8P0S0,0,80
diOH-GDGT-1,isoGDGT,1331.28957,C86H170N0O8P0S0,1,80
diOH-GDGT-10dbe,isoGDGT,1313.148723,C86H152N0O8P0S0,10,80
diOH-GDGT-11dbe,isoGDGT,1311.133073,C86H150N0O8P0S0,11,80
diOH-GDGT-12dbe,isoGDGT,1309.117423,C86H148N0O8P0S0,12,80
diOH-GDGT-2,isoGDGT,1329.27392,C86H168N0O8P0S0,2,80
diOH-GDGT-3,isoGDGT,1327.25827,C86H166N0O8P0S0,3,80
diOH-GDGT-4,isoGDGT,1325.24262,C86H164N0O8P0S0,4,80
diOH-GDGT-5dbe,isoGDGT,1323.226973,C86H162N0O8P0S0,5,80
diOH-GDGT-6dbe,isoGDGT,1321.211323,C86H160N0O8P0S0,6,80
diOH-GDGT-7dbe,isoGDGT,1319.195673,C86H158N0O8P0S0,7,80
diOH-GDGT-8dbe,isoGDGT,1317.180023,C86H156N0O8P0S0,8,80
diOH-GDGT-9dbe,isoGDGT,1315.164373,C86H154N0O8P0S0,9,80
diOH-Me-GDGT-0,isoGDGT,1347.320874,C87H174N0O8P0S0,0,81
diOH-Me-GDGT-1,isoGDGT,1345.305224,C87H172N0O8P0S0,1,81
diOH-Me-GDGT-10dbe,isoGDGT,1327.164373,C87H154N0O8P0S0,10,81
diOH-Me-GDGT-11dbe,isoGDGT,1325.148723,C87H152N0O8P0S0,11,81
diOH-Me-GDGT-12dbe,isoGDGT,1323.133073,C87H150N0O8P0S0,12,81
diOH-Me-GDGT-2,isoGDGT,1343.289574,C87H170N0O8P0S0,2,81
diOH-Me-GDGT-3,isoGDGT,1341.273924,C87H168N0O8P0S0,3,81
diOH-Me-GDGT-4,isoGDGT,1339.258274,C87H166N0O8P0S0,4,81
diOH-Me-GDGT-5dbe,isoGDGT,1337.242624,C87H164N0O8P0S0,5,81
diOH-Me-GDGT-6dbe,isoGDGT,1335.226973,C87H162N0O8P0S0,6,81
diOH-Me-GDGT-7dbe,isoGDGT,1333.211323,C87H160N0O8P0S0,7,81
diOH-Me-GDGT-8dbe,isoGDGT,1331.195673,C87H158N0O8P0S0,8,81
diOH-Me-GDGT-9dbe,isoGDGT,1329.180023,C87H156N0O8P0S0,9,81
GDGT-0,isoGDGT,1301.3102,C86H172N0O6P0S0,0,80
GDGT-1,isoGDGT,1299.2956,C86H170N0O6P0S0,1,80
GDGT-10dbe,isoGDGT,1281.155799,C86H152N0O6P0S0,10,80
GDGT-11dbe,isoGDGT,1279.141199,C86H150N0O6P0S0,11,80
GDGT-12dbe,isoGDGT,1277.126599,C86H148N0O6P0S0,12,80
GDGT-2,isoGDGT,1297.281,C86H168N0O6P0S0,2,80
GDGT-3,isoGDGT,1295.2664,C86H166N0O6P0S0,3,80
GDGT-4,isoGDGT,1293.2518,C86H164N0O6P0S0,4,80
GDGT-6dbe,isoGDGT,1289.2163,C86H160N0O6P0S0,6,80
GDGT-7dbe,isoGDGT,1287.200649,C86H158N0O6P0S0,7,80
GDGT-8dbe,isoGDGT,1285.184999,C86H156N0O6P0S0,8,80
GDGT-9dbe,isoGDGT,1283.170399,C86H154N0O6P0S0,9,80
Me-GDGT-0,isoGDGT,1315.32585,C87H174N0O6P0S0,0,81
Me-GDGT-1,isoGDGT,1313.31125,C87H172N0O6P0S0,1,81
Me-GDGT-10dbe,isoGDGT,1295.171449,C87H154N0O6P0S0,10,81
Me-GDGT-11dbe,isoGDGT,1293.156849,C87H152N0O6P0S0,11,81
Me-GDGT-12dbe,isoGDGT,1291.142249,C87H150N0O6P0S0,12,81
Me-GDGT-2,isoGDGT,1311.29665,C87H170N0O6P0S0,2,81
Me-GDGT-3,isoGDGT,1309.28205,C87H168N0O6P0S0,3,81
Me-GDGT-4,isoGDGT,1307.26745,C87H166N0O6P0S0,4,81
Me-GDGT-5dbe,isoGDGT,1305.25285,C87H164N0O6P0S0,5,81
Me-GDGT-6dbe,isoGDGT,1303.23195,C87H162N0O6P0S0,6,81
Me-GDGT-7dbe,isoGDGT,1301.2163,C87H160N0O6P0S0,7,81
Me-GDGT-8dbe,isoGDGT,1299.200649,C87H158N0O6P0S0,8,81
Me-GDGT-9dbe,isoGDGT,1297.186049,C87H156N0O6P0S0,9,81
OH-Me-GDGT-7dbe,isoGDGT,1317.21445,C87H160N0O7P0S0,7,81
OH-diMe-GDGT-0,isoGDGT,1345.34161,C88H176N0O7P0S0,0,82
OH-diMe-GDGT-1,isoGDGT,1343.32573,C88H174N0O7P0S0,1,82
OH-diMe-GDGT-10dbe,isoGDGT,1325.18315,C88H156N0O7P0S0,10,82
OH-diMe-GDGT-11dbe,isoGDGT,1323.1675,C88H154N0O7P0S0,11,82
OH-diMe-GDGT-12dbe,isoGDGT,1321.1529,C88H152N0O7P0S0,12,82
OH-diMe-GDGT-2,isoGDGT,1341.30985,C88H172N0O7P0S0,2,82
OH-diMe-GDGT-3,isoGDGT,1339.2927,C88H170N0O7P0S0,3,82
OH-diMe-GDGT-4,isoGDGT,1337.27705,C88H168N0O7P0S0,4,82
OH-diMe-GDGT-5dbe,isoGDGT,1335.2614,C88H166N0O7P0S0,5,82
OH-diMe-GDGT-6dbe,isoGDGT,1333.24575,C88H164N0O7P0S0,6,82
OH-diMe-GDGT-7dbe,isoGDGT,1331.2301,C88H162N0O7P0S0,7,82
OH-diMe-GDGT-8dbe,isoGDGT,1329.21445,C88H160N0O7P0S0,8,82
OH-diMe-GDGT-9dbe,isoGDGT,1327.1988,C88H158N0O7P0S0,9,82
OH-GDGT-0,isoGDGT,1317.31031,C86H172N0O7P0S0,0,80
OH-GDGT-1,isoGDGT,1315.29443,C86H170N0O7P0S0,1,80
OH-GDGT-10dbe,isoGDGT,1297.151849,C86H152N0O7P0S0,10,80
OH-GDGT-11dbe,isoGDGT,1295.136199,C86H150N0O7P0S0,11,80
OH-GDGT-12dbe,isoGDGT,1293.121599,C86H148N0O7P0S0,12,80
OH-GDGT-2,isoGDGT,1313.27855,C86H168N0O7P0S0,2,80
OH-GDGT-3,isoGDGT,1311.2614,C86H166N0O7P0S0,3,80
OH-GDGT-4,isoGDGT,1309.2468,C86H164N0O7P0S0,4,80
OH-GDGT-5dbe,isoGDGT,1307.2322,C86H162N0O7P0S0,5,80
OH-GDGT-6dbe,isoGDGT,1305.21445,C86H160N0O7P0S0,6,80
OH-GDGT-7dbe,isoGDGT,1303.1988,C86H158N0O7P0S0,7,80
OH-GDGT-8dbe,isoGDGT,1301.18315,C86H156N0O7P0S0,8,80
OH-GDGT-9dbe,isoGDGT,1299.1675,C86H154N0O7P0S0,9,80
OH-Me-GDGT-0,isoGDGT,1331.32596,C87H174N0O7P0S0,0,81
OH-Me-GDGT-1,isoGDGT,1329.31008,C87H172N0O7P0S0,1,81
OH-Me-GDGT-10dbe,isoGDGT,1311.1675,C87H154N0O7P0S0,10,81
OH-Me-GDGT-11dbe,isoGDGT,1309.151849,C87H152N0O7P0S0,11,81
OH-Me-GDGT-12dbe,isoGDGT,1307.137249,C87H150N0O7P0S0,12,81
OH-Me-GDGT-2,isoGDGT,1327.2942,C87H170N0O7P0S0,2,81
OH-Me-GDGT-3,isoGDGT,1325.27705,C87H168N0O7P0S0,3,81
OH-Me-GDGT-4,isoGDGT,1323.26245,C87H166N0O7P0S0,4,81
OH-Me-GDGT-5dbe,isoGDGT,1321.24575,C87H164N0O7P0S0,5,81
OH-Me-GDGT-6dbe,isoGDGT,1319.2301,C87H162N0O7P0S0,6,81
OH-Me-GDGT-8dbe,isoGDGT,1315.1988,C87H158N0O7P0S0,8,81
OH-Me-GDGT-9dbe,isoGDGT,1313.18315,C87H156N0O7P0S0,9,81
C18-[3]-ladderane,ladderane,246.233108,C18H30N0O0P0S0,6,41
C18-[5]-ladderane,ladderane,244.217458,C18H28N0O0P0S0,8,41
C20-[3]-ladderane,ladderane,274.264408,C20H34N0O0P0S0,6,43
C20-[5]-ladderane,ladderane,272.248758,C20H32N0O0P0S0,8,43
C22-[3]-ladderane,ladderane,302.295708,C22H38N0O0P0S0,6,45
C22-[5]-ladderane,ladderane,300.280058,C22H36N0O0P0S0,8,45
hexadecane,ladderane,226.264408,C16H34N0O0P0S0,3,39
methylhexadecane,ladderane,240.280058,C17H36N0O0P0S0,3,40
monoalkylether,ladderane,2.015106,C0H2N0O0P0S0,3,23
pentadecane,ladderane,198.233108,C14H30N0O0P0S0,3,37
